<?xml version="1.0" encoding="UTF-8"?>
<project-private xmlns="http://www.netbeans.org/ns/project-private/1">
    <editor-bookmarks xmlns="http://www.netbeans.org/ns/editor-bookmarks/2" lastBookmarkId="0"/>
    <open-files xmlns="http://www.netbeans.org/ns/projectui-open-files/2">
        <group>
            <file>file:/C:/Users/Hp/JavaFXApplication1/src/mainpkg/TicketCancelController.java</file>
            <file>file:/C:/Users/Hp/JavaFXApplication1/src/mainpkg/LoginController.java</file>
            <file>file:/C:/Users/Hp/JavaFXApplication1/src/mainpkg/PartnerController.java</file>
            <file>file:/C:/Users/Hp/JavaFXApplication1/src/mainpkg/MainApplication.java</file>
            <file>file:/C:/Users/Hp/JavaFXApplication1/src/mainpkg/SignupController.java</file>
            <file>file:/C:/Users/Hp/JavaFXApplication1/src/mainpkg/PassengerController.java</file>
        </group>
    </open-files>
</project-private>
